"","Estimate","Est.Error","Q2.5","Q97.5","bpv_discrep","truncate","quantile"
"1",0.538233395929573,0.0484193401980677,0.428503476821842,0.618641401190789,0.485551630434783,FALSE,NA
